Top queries,Clicks,Impressions,CTR,Position
discord webhook message sender,4,18,22.22%,7.28
discord webhook sender,1,23,4.35%,15.26
webhook message sender,1,6,16.67%,9.83
how to make aesthetic discord profile,1,3,33.33%,3.33
discord status generator,1,2,50%,10
discord status ideas,0,32,0%,11.75
are discord usernames case sensitive,0,15,0%,8.53
bionic reading,0,11,0%,41.27
discord message splitter,0,8,0%,6.88
discord timestamp generator,0,7,0%,69.71
bionic reading method,0,6,0%,70.17
webhook message sender discord,0,5,0%,6.6
discord unix timestamp,0,5,0%,60.6
funny discord status generator,0,4,0%,10.5
discord character limit,0,4,0%,32.5
pixel to rem,0,4,0%,62.25
discord snowflake,0,4,0%,69.75
good status for discord,0,3,0%,11.67
what is bionic font,0,3,0%,12
status ideas for discord,0,3,0%,16.33
px to rem,0,3,0%,60
discord time converter,0,3,0%,72
discord text splitter,0,2,0%,7.5
social battery discord status,0,2,0%,7.5
status discord ideas,0,2,0%,8
best discord status ideas,0,2,0%,8.5
webhook discord sender,0,2,0%,8.5
discord username allowed characters,0,2,0%,9
is discord username case sensitive,0,2,0%,9
webhook tester discord,0,2,0%,9.5
can you change discord username 2026,0,2,0%,13.5
status for discord,0,2,0%,22.5
discord snowflake decoder,0,2,0%,26
rem calculator,0,2,0%,40.5
discord message id,0,2,0%,43
discord webhook generator,0,2,0%,48.5
discord snowflake lookup,0,2,0%,50
embed creator discord js,0,2,0%,51.5
unix time discord,0,2,0%,53
how to discord color text,0,2,0%,57
18px to rem,0,2,0%,57.5
discord-webhook sender,0,2,0%,58
good rules for a discord server,0,2,0%,58
discord code block colors,0,2,0%,63
discord embed generator,0,2,0%,64.5
discord time stamp generator,0,2,0%,65
embed generator,0,2,0%,67
how to use unix timestamp discord,0,2,0%,68
rem calculation,0,2,0%,68
discord markdown,0,2,0%,70
how to make a discord webhook,0,2,0%,71
embed creator,0,2,0%,78
timestamp discord generator,0,2,0%,80.5
discord font change,0,1,0%,2
discord status 2026,0,1,0%,3
discord status ideas copy and paste,0,1,0%,3
discord custom status 128 characters official,0,1,0%,5
discord handle vs username,0,1,0%,5
discord status ideas aesthetic,0,1,0%,5
"discord username allowed characters only lowercase letters numbers 
underscore period 2026",0,1,0%,5
discord notes ideas,0,1,0%,6
is my discord handle my username,0,1,0%,6
discord display name vs username difference 2026,0,1,0%,7
discord thoughts,0,1,0%,7
"""mcp"" -""malawi"" -site:reddit.com -site:twitter.com -site:x.com 
-site:wykop.pl -site:tripadvisor.com -site:youtube.com -site:yelp.com 
-site:booking.com -site:facebook.com -site:instagram.com -site:tiktok.com",0,1,0%,8
webhook discord message sender,0,1,0%,8
webhook sender discord,0,1,0%,8
discord extractor,0,1,0%,9
discord username requirements allowed characters unicode 2026,0,1,0%,9
can discord usernames have capital letters,0,1,0%,10
discord role colors gradient,0,1,0%,10
discord word count,0,1,0%,10
how to check if discord username is available,0,1,0%,10
why is my text red in discord,0,1,0%,10
discord 2000 character limit copy and paste,0,1,0%,11
discord indented list,0,1,0%,11
discord status idea,0,1,0%,11
discord username rules,0,1,0%,11
status for discord ideas,0,1,0%,11
cool discord status ideas,0,1,0%,12
discord status,0,1,0%,15
best discord status,0,1,0%,19
good discord statuses,0,1,0%,19
discord custom status ideas,0,1,0%,21
discord statuses,0,1,0%,22
discord status aesthetic,0,1,0%,23
word limit discord,0,1,0%,28
discord text limit,0,1,0%,32
cool status ideas,0,1,0%,33
how to use bionic reading,0,1,0%,35
bionic read,0,1,0%,37
bionic reading api,0,1,0%,37
discord message character limit,0,1,0%,37
discord nickname unicode characters allowed,0,1,0%,42
discord.js convertor,0,1,0%,42
what's the character limit on discord,0,1,0%,44
unix time converter discord,0,1,0%,48
discord gradient roles,0,1,0%,49
discord markdown spoiler,0,1,0%,50
how to use colored text in discord,0,1,0%,50
px into rem,0,1,0%,51
12px to rem,0,1,0%,52
16px to rem,0,1,0%,52
20px in rem,0,1,0%,52
20px to rem,0,1,0%,52
embed maker discord,0,1,0%,52
embed discord generator,0,1,0%,53
swap to your application to resume discord,0,1,0%,53
toolscord,0,1,0%,54
discord message id lookup,0,1,0%,55
14px in rem,0,1,0%,57
discord api snowflake,0,1,0%,57
discord countdown timer generator,0,1,0%,57
does bionic reading work,0,1,0%,57
unix time stamp discord,0,1,0%,57
24px to rem,0,1,0%,58
discord webhook creator online,0,1,0%,59
12px in rem,0,1,0%,60
14px to rem,0,1,0%,60
px to rem converter,0,1,0%,60
unix timestamp discord,0,1,0%,61
timestamp maker discord,0,1,0%,62
discord embed online,0,1,0%,63
discord servers rules,0,1,0%,63
discord status font,0,1,0%,63
discord to snowflake,0,1,0%,63
embed builder discord,0,1,0%,63
discord embed builder,0,1,0%,64
discord embed manager online,0,1,0%,64
discord timestamps generator,0,1,0%,64
discord webhook checker,0,1,0%,64
free discord members generator,0,1,0%,64
discord embed creator,0,1,0%,65
discord time calculator,0,1,0%,65
discord timestamps,0,1,0%,65
discord webhooks,0,1,0%,65
discord coloured text,0,1,0%,66
discord markdown generator,0,1,0%,66
bionic reading examples,0,1,0%,67
discord timestamp maker,0,1,0%,67
discord time stamps,0,1,0%,68
discord webhook testing,0,1,0%,68
bionic text converter,0,1,0%,72
discord date and time generator,0,1,0%,72
time converter for discord,0,1,0%,73
discord converter,0,1,0%,74
discord formatter,0,1,0%,75
strong passwords for discord,0,1,0%,84
what is a discord webhook,0,1,0%,93
how to type code in discord,0,1,0%,100